Time (sec),RPM,RPM Rate (RPM/sec),Air Temp (F),Coolant Temp (F),TPS (%),TPS Rate (%/sec),MAP (psi),Battery Volt (V),Fuel Open Time (ms),Fuel Duty Cycle (%),Fuel Angle (deg),Accel Compensation - Fuel (%),Starting Compensation - Fuel (%),Air Temp Compensation - Fuel (%),Coolant Temp Compensation - Fuel (%),U1: √ø√ø√ø√ø√ø√ø√ø√ø Compensation - Fuel (%),Ignition Angle (DBTDC),Coolant Temp Compensation - Ignition (deg),   Oil P,  Fuel P,  Comp P,Oil T (F),Res T (F),   EMPTY,  Comp S,Measured AFR #1,Target AFR,Lambda/AFR STF #1 (%),PWM Duty Cycle % #1,PWM Duty Cycle % #2,PWM Duty Cycle % #3,PWM Duty Cycle % #4,Accel Base Comp (%),
0.000,2129,10000,91.6,89.8,15.7,0,13.13,10.00,3.32,11.8,6.0,100.0,136.7,100.0,100.0,100.0,1.0,0.0,0.76,33.38,13.93,88.0,88.0,0.00,0.0,7.36,13.97,100.0,0.0,0.0,20.0,21.0,100.4,
0.010,2129,10000,91.6,89.8,15.7,0,13.33,10.20,3.32,11.8,6.0,100.0,136.7,100.0,100.0,100.0,1.0,0.0,0.64,37.77,13.93,88.0,88.0,0.00,0.0,7.36,13.97,100.0,0.0,0.0,20.0,21.0,100.4,
0.020,1855,-8472,91.6,89.8,15.7,0,13.55,10.40,3.24,10.0,7.8,100.0,136.7,100.0,100.0,100.0,1.0,0.0,0.70,37.80,13.93,88.0,88.0,0.00,0.0,7.36,13.97,100.0,0.0,0.0,20.0,18.5,100.4,
0.030,1855,-8472,91.6,89.8,15.7,0,13.71,10.60,3.24,10.0,7.8,100.0,136.7,100.0,100.0,100.0,1.0,0.0,0.77,35.95,13.94,88.0,88.0,0.00,0.0,7.36,13.97,100.0,0.0,0.0,20.0,18.5,100.4,
0.040,1855,-8472,91.6,89.8,15.7,0,13.92,10.70,3.24,10.0,7.8,100.0,136.7,100.0,100.0,100.0,1.0,0.0,0.68,41.38,13.95,88.0,88.0,0.00,0.0,7.36,13.97,100.0,0.0,0.0,20.0,18.5,100.4,
0.050,1770,-2508,91.6,89.8,15.7,0,13.32,10.90,3.22,9.5,9.1,100.0,136.7,100.0,100.0,100.0,1.0,0.0,0.67,39.50,13.82,88.0,88.0,0.00,0.0,7.36,13.97,100.0,0.0,0.0,20.0,17.5,100.4,
0.060,1770,-2508,91.6,89.8,15.7,0,12.97,11.00,3.22,9.5,9.1,100.0,136.7,100.0,100.0,100.0,1.0,0.0,0.73,42.88,13.94,88.0,88.0,0.00,0.0,7.36,13.97,100.0,0.0,0.0,20.0,17.5,100.4,
0.070,1770,-2508,91.6,89.8,15.7,0,13.21,11.10,3.22,9.5,9.1,100.0,136.7,100.0,100.0,100.0,1.0,0.0,0.70,40.30,13.90,88.0,88.0,0.00,0.0,7.36,13.97,100.0,0.0,0.0,20.0,17.5,100.4,
0.080,1770,-2508,91.6,89.8,15.7,0,13.47,11.10,3.22,9.5,9.1,100.0,136.7,100.0,100.0,100.0,1.0,0.0,0.57,42.72,13.92,88.0,88.0,0.00,0.0,7.36,13.97,100.0,0.0,0.0,20.0,17.5,100.4,
0.091,1451,-7716,91.6,89.8,15.7,0,13.66,11.60,3.15,7.6,9.6,100.0,136.7,100.0,100.0,100.0,1.0,0.0,0.61,43.77,13.95,88.0,88.0,0.00,0.0,7.36,13.97,100.0,0.0,0.0,18.0,14.5,100.4,
0.100,1451,-7716,91.6,89.8,15.7,0,13.76,12.00,3.15,7.6,9.6,100.0,136.7,100.0,100.0,100.0,1.0,0.0,0.72,45.50,13.93,88.0,88.0,0.00,0.0,7.36,13.97,100.0,0.0,0.0,18.0,14.5,100.4,
0.110,1451,-7716,91.6,89.8,15.7,0,13.80,12.20,3.15,7.6,9.6,100.0,136.7,100.0,100.0,100.0,1.0,0.0,0.67,43.38,13.93,88.0,88.0,0.00,0.0,7.36,13.97,100.0,0.0,0.0,18.0,14.5,100.4,
0.120,1451,-7716,91.6,89.8,15.7,0,13.94,12.30,3.15,7.6,9.6,100.0,136.7,100.0,100.0,100.0,1.0,0.0,0.59,44.84,13.86,88.0,88.0,0.00,0.0,7.36,13.97,100.0,0.0,0.0,18.0,14.5,100.4,
0.130,1451,-7716,91.6,89.8,15.7,0,13.33,12.30,3.15,7.6,9.6,100.0,136.7,100.0,100.0,100.0,1.0,0.0,0.57,44.15,13.89,88.0,88.0,0.00,0.0,7.36,13.97,100.0,0.0,0.0,18.0,14.5,100.4,
0.140,1387,-1479,91.6,89.8,15.7,0,12.84,12.30,2.88,6.7,9.9,100.0,136.7,100.0,100.0,100.0,1.0,0.0,0.61,44.45,13.88,88.0,88.0,0.00,0.0,7.36,13.97,100.0,0.0,0.0,17.5,13.5,100.4,
0.150,1387,-1479,91.6,89.8,15.7,0,13.06,12.40,2.88,6.7,9.9,100.0,136.7,100.0,100.0,100.0,1.0,0.0,0.63,44.50,13.88,88.0,88.0,0.00,0.0,7.36,13.97,100.0,0.0,0.0,17.5,13.5,100.4,
0.160,0,-1479,91.6,89.8,15.7,0,13.35,12.30,2.88,6.7,9.9,100.0,150.2,100.0,100.0,100.0,1.0,0.0,0.58,42.57,13.93,88.0,88.0,0.00,0.0,7.36,13.97,100.0,0.0,0.0,0.0,0.0,100.4,
0.170,0,-1479,91.6,89.8,15.7,0,13.58,12.40,2.88,6.7,9.9,100.0,150.2,100.0,100.0,100.0,1.0,0.0,0.37,44.50,13.95,88.0,88.0,0.00,0.0,7.36,13.97,100.0,0.0,0.0,0.0,0.0,100.4,
0.180,0,-1479,91.6,89.8,15.7,0,13.72,12.50,2.88,6.7,9.9,100.0,150.2,100.0,100.0,100.0,1.0,0.0,0.13,43.88,13.93,88.0,88.0,0.00,0.0,7.36,13.97,100.0,0.0,0.0,0.0,0.0,100.4,
0.190,0,-1479,91.6,89.8,15.7,3,14.28,11.00,2.88,6.7,9.9,100.0,150.2,100.0,100.0,100.0,1.0,0.0,0.02,42.32,14.27,88.0,88.0,0.00,0.0,7.36,13.97,100.0,0.0,0.0,0.0,0.0,100.4,
0.200,0,-1479,91.6,89.8,15.8,8,14.69,8.60,2.88,6.7,9.9,100.0,150.2,100.0,100.0,100.0,1.0,0.0,0.00,42.80,13.95,88.0,88.0,0.00,0.0,7.36,13.97,100.0,0.0,0.0,0.0,0.0,100.4,
0.210,0,-1479,91.6,89.8,15.7,-14,14.73,7.30,2.88,6.7,9.9,100.0,150.2,100.0,100.0,100.0,1.0,0.0,0.26,42.05,14.09,89.8,88.0,0.00,0.0,7.36,13.97,100.0,0.0,0.0,0.0,0.0,100.4,
0.223,0,-1479,91.6,89.8,15.7,8,14.46,6.80,2.88,6.7,9.9,100.0,150.2,100.0,100.0,100.0,1.0,0.0,0.29,41.47,13.89,88.0,88.0,0.00,0.0,7.36,13.97,100.0,0.0,0.0,0.0,0.0,100.4,
0.230,0,-1479,91.6,89.8,15.7,-2,14.15,7.20,2.88,6.7,9.9,100.0,150.2,100.0,100.0,100.0,1.0,0.0,0.21,41.97,13.97,88.0,88.0,0.00,0.0,7.36,13.97,100.0,0.0,0.0,0.0,0.0,100.4,
0.240,0,-1479,91.6,89.8,15.7,0,13.96,7.80,2.88,6.7,9.9,100.0,150.2,100.0,100.0,100.0,1.0,0.0,0.23,41.52,13.85,88.0,88.0,0.00,0.0,7.36,13.97,100.0,0.0,0.0,0.0,0.0,100.4,
0.250,0,-1479,91.6,89.8,15.7,2,13.83,8.30,2.88,6.7,9.9,100.0,150.2,100.0,100.0,100.0,1.0,0.0,0.25,41.22,13.88,88.0,88.0,0.00,0.0,7.36,13.97,100.0,0.0,0.0,0.0,0.0,100.4,
0.260,0,-1479,91.6,89.8,15.7,-2,13.79,8.70,2.88,6.7,9.9,100.0,150.2,100.0,100.0,100.0,1.0,0.0,0.25,41.20,13.93,88.0,88.0,0.00,0.0,7.36,13.97,100.0,0.0,0.0,0.0,0.0,100.4,
0.270,0,-1479,91.6,89.8,15.7,2,13.77,9.10,2.88,6.7,9.9,100.0,150.2,100.0,100.0,100.0,1.0,0.0,0.26,40.90,13.92,88.0,88.0,0.00,0.0,7.36,13.97,100.0,0.0,0.0,0.0,0.0,100.4,
0.280,404,-1479,91.6,89.8,15.7,0,13.80,9.50,2.88,6.7,9.9,100.0,150.2,100.0,100.0,100.0,1.0,0.0,0.28,40.88,13.93,88.0,88.0,0.00,0.0,7.36,13.97,100.0,0.0,0.0,0.0,0.0,100.4,
0.290,404,0,91.6,89.8,15.7,0,13.84,9.70,3.69,2.5,8.3,100.0,136.7,100.0,100.0,100.0,1.0,0.0,0.29,40.57,13.95,88.0,88.0,0.00,0.0,7.36,12.94,100.0,0.0,0.0,5.0,4.0,100.4,
0.300,404,0,91.6,89.8,15.7,-5,13.88,10.00,3.69,2.5,8.3,100.0,136.7,100.0,100.0,100.0,1.0,0.0,0.34,40.47,13.95,88.0,88.0,0.00,0.0,7.36,12.94,100.0,0.0,0.0,5.0,4.0,100.4,
0.310,404,0,91.6,89.8,15.7,5,13.92,10.20,3.69,2.5,8.3,100.0,136.7,100.0,100.0,100.0,1.0,0.0,0.32,40.34,13.93,88.0,88.0,0.00,0.0,7.36,12.94,100.0,0.0,0.0,5.0,4.0,100.4,
0.320,404,0,91.6,89.8,15.7,-2,13.92,10.40,3.69,2.5,8.3,100.0,136.7,100.0,100.0,100.0,1.0,0.0,0.32,40.20,13.92,88.0,88.0,0.00,0.0,7.36,12.94,100.0,0.0,0.0,5.0,4.0,100.4,
0.330,404,0,91.6,89.8,15.7,2,13.88,10.60,3.69,2.5,8.3,100.0,136.7,100.0,100.0,100.0,1.0,0.0,0.29,41.20,13.92,88.0,88.0,0.00,0.0,7.36,12.94,100.0,0.0,0.0,5.0,4.0,100.4,
0.340,404,0,91.6,89.8,15.7,0,13.88,10.60,3.69,2.5,8.3,100.0,136.7,100.0,100.0,100.0,1.0,0.0,0.28,42.05,13.93,88.0,88.0,0.00,0.0,7.36,12.94,100.0,0.0,0.0,5.0,4.0,100.4,
0.350,404,0,91.6,89.8,15.7,-2,13.88,10.60,3.69,2.5,8.3,100.0,136.7,100.0,100.0,100.0,1.0,0.0,0.28,42.97,13.93,88.0,88.0,0.00,0.0,7.36,12.94,100.0,0.0,0.0,5.0,4.0,100.4,
0.360,404,0,91.6,89.8,15.7,2,13.86,10.30,3.69,2.5,8.3,100.0,136.7,100.0,100.0,100.0,1.0,0.0,0.25,43.42,13.93,88.0,88.0,0.00,0.0,7.36,12.94,100.0,0.0,0.0,5.0,4.0,100.4,
0.370,404,0,91.6,89.8,15.7,-5,13.87,9.60,3.69,2.5,8.3,100.0,136.7,100.0,100.0,100.0,1.0,0.0,0.22,43.17,13.93,88.0,88.0,0.00,0.0,7.36,12.94,100.0,0.0,0.0,5.0,4.0,100.4,
0.380,404,0,91.6,89.8,15.7,5,13.88,9.00,3.69,2.5,8.3,100.0,136.7,100.0,100.0,100.0,1.0,0.0,0.19,41.20,13.93,88.0,88.0,0.00,0.0,7.36,12.94,100.0,0.0,0.0,5.0,4.0,100.4,
0.390,404,0,91.6,89.8,15.7,0,13.86,8.80,3.69,2.5,8.3,100.0,136.7,100.0,100.0,100.0,1.0,0.0,0.18,39.30,13.93,88.0,88.0,0.00,0.0,7.36,12.94,100.0,0.0,0.0,5.0,4.0,100.4,
0.400,404,0,91.6,89.8,15.7,0,13.85,8.90,3.69,2.5,8.3,100.0,136.7,100.0,100.0,100.0,1.0,0.0,0.19,40.42,13.93,88.0,88.0,0.00,0.0,7.36,12.94,100.0,0.0,0.0,5.0,4.0,100.4,
0.410,404,0,91.6,89.8,15.7,0,13.85,9.30,3.69,2.5,8.3,100.0,136.7,100.0,100.0,100.0,1.0,0.0,0.26,39.30,13.93,88.0,88.0,0.00,0.0,7.36,12.94,100.0,0.0,0.0,5.0,4.0,100.4,
0.420,404,0,91.6,89.8,15.7,0,13.87,9.60,3.69,2.5,8.3,100.0,136.7,100.0,100.0,100.0,1.0,0.0,0.37,39.27,13.93,88.0,88.0,0.00,0.0,7.36,12.94,100.0,0.0,0.0,5.0,4.0,100.4,
0.430,404,0,91.6,89.8,15.7,-2,13.88,9.80,3.69,2.5,8.3,100.0,136.7,100.0,100.0,100.0,1.0,0.0,0.41,39.52,13.92,88.0,88.0,0.00,0.0,7.36,12.94,100.0,0.0,0.0,5.0,4.0,100.4,
0.440,394,-65,91.6,89.8,15.7,2,13.86,10.10,3.42,2.2,7.0,100.0,150.2,100.0,100.0,100.0,1.0,0.0,0.41,39.84,13.93,88.0,88.0,0.00,0.0,7.36,12.94,100.0,0.0,0.0,5.0,3.5,100.4,
0.450,394,-65,91.6,89.8,15.7,0,13.87,10.30,3.42,2.2,7.0,100.0,150.2,100.0,100.0,100.0,1.0,0.0,0.40,40.20,13.92,88.0,88.0,0.00,0.0,7.36,12.94,100.0,0.0,0.0,5.0,3.5,100.4,
0.460,394,-65,91.6,89.8,15.7,0,13.88,10.50,3.42,2.2,7.0,100.0,150.2,100.0,100.0,100.0,1.0,0.0,0.38,41.32,13.93,88.0,88.0,0.00,0.0,7.36,12.94,100.0,0.0,0.0,5.0,3.5,100.4,
0.470,394,-65,91.6,89.8,15.7,0,13.88,10.60,3.42,2.2,7.0,100.0,150.2,100.0,100.0,100.0,1.0,0.0,0.34,42.42,13.92,88.0,88.0,0.00,0.0,7.36,12.94,100.0,0.0,0.0,5.0,3.5,100.4,
0.480,394,-65,91.6,89.8,15.7,0,13.88,10.80,3.42,2.2,7.0,100.0,150.2,100.0,100.0,100.0,1.0,0.0,0.32,40.32,13.93,88.0,88.0,0.00,0.0,7.36,12.94,100.0,0.0,0.0,5.0,3.5,100.4,
0.490,394,-65,91.6,89.8,15.7,0,13.88,10.90,3.42,2.2,7.0,100.0,150.2,100.0,100.0,100.0,1.0,0.0,0.27,42.45,13.90,88.0,88.0,0.00,0.0,7.36,12.94,100.0,0.0,0.0,5.0,3.5,100.4,
0.500,394,-65,91.6,89.8,15.7,0,13.79,11.00,3.42,2.2,7.0,100.0,150.2,100.0,100.0,100.0,1.0,0.0,0.26,41.25,13.91,88.0,88.0,0.00,0.0,7.36,12.94,100.0,0.0,0.0,5.0,3.5,100.4,
0.510,394,-65,91.6,89.8,15.7,0,13.68,11.10,3.42,2.2,7.0,100.0,150.2,100.0,100.0,100.0,1.0,0.0,0.25,44.05,13.88,88.0,88.0,0.00,0.0,7.36,12.94,100.0,0.0,0.0,5.0,3.5,100.4,
0.520,394,-65,91.6,89.8,15.8,3,13.51,11.20,3.42,2.2,7.0,100.0,150.2,100.0,100.0,100.0,1.0,0.0,0.22,44.40,13.88,88.0,88.0,0.00,0.0,7.36,12.94,100.0,0.0,0.0,5.0,3.5,100.4,
0.530,394,-65,91.6,89.8,15.7,-8,13.31,11.20,3.42,2.2,7.0,100.0,150.2,100.0,100.0,100.0,1.0,0.0,0.23,44.42,13.86,88.0,88.0,0.00,0.0,7.36,12.94,100.0,0.0,0.0,5.0,3.5,100.4,
0.540,394,-65,91.6,89.8,15.7,5,13.16,11.20,3.42,2.2,7.0,100.0,150.2,100.0,100.0,100.0,1.0,0.0,0.26,43.95,13.88,88.0,88.0,0.00,0.0,7.36,12.94,100.0,0.0,0.0,5.0,3.5,100.4,
0.550,394,-65,91.6,89.8,15.7,-5,13.12,11.20,3.42,2.2,7.0,100.0,150.2,100.0,100.0,100.0,1.0,0.0,0.29,43.77,13.88,88.0,88.0,0.00,0.0,7.36,12.94,100.0,0.0,0.0,5.0,3.5,100.4,
0.560,394,-65,91.6,89.8,15.7,5,13.19,11.30,3.42,2.2,7.0,100.0,150.2,100.0,100.0,100.0,1.0,0.0,0.31,44.05,13.89,88.0,88.0,0.00,0.0,7.36,12.94,100.0,0.0,0.0,5.0,3.5,100.4,
0.570,446,386,91.6,89.8,15.7,-5,13.35,11.30,3.35,2.5,6.1,100.0,136.7,100.0,100.0,100.0,1.0,0.0,0.34,44.52,13.92,88.0,88.0,0.00,0.0,7.36,12.94,100.0,0.0,0.0,5.5,4.0,100.4,
0.580,446,386,91.6,89.8,15.7,5,13.58,11.30,3.35,2.5,6.1,100.0,136.7,100.0,100.0,100.0,1.0,0.0,0.34,44.72,13.96,88.0,88.0,0.00,0.0,7.36,12.94,100.0,0.0,0.0,5.5,4.0,100.4,
0.590,446,386,91.6,89.8,15.7,0,13.82,11.40,3.35,2.5,6.1,100.0,136.7,100.0,100.0,100.0,1.0,0.0,0.34,45.17,13.96,88.0,88.0,0.00,0.0,7.36,12.94,100.0,0.0,0.0,5.5,4.0,100.4,
0.600,446,386,91.6,89.8,15.7,0,13.89,11.50,3.35,2.5,6.1,100.0,136.7,100.0,100.0,100.0,1.0,0.0,0.31,44.95,13.92,88.0,88.0,0.00,0.0,7.36,12.94,100.0,0.0,0.0,5.5,4.0,100.4,
0.614,446,386,91.6,89.8,15.7,0,13.87,11.50,3.35,2.5,6.1,100.0,136.7,100.0,100.0,100.0,1.0,0.0,0.32,45.07,13.92,88.0,88.0,0.00,0.0,7.36,12.94,100.0,0.0,0.0,5.5,4.0,100.4,
0.620,446,386,91.6,89.8,15.7,0,13.86,11.50,3.35,2.5,6.1,100.0,136.7,100.0,100.0,100.0,1.0,0.0,0.32,45.00,13.93,88.0,88.0,0.00,0.0,7.36,12.94,100.0,0.0,0.0,5.5,4.0,100.4,
0.630,446,386,91.6,89.8,15.7,0,13.87,11.10,3.35,2.5,6.1,100.0,136.7,100.0,100.0,100.0,1.0,0.0,0.26,42.09,13.92,88.0,88.0,0.00,0.0,7.36,12.94,100.0,0.0,0.0,5.5,4.0,100.4,
0.640,0,386,91.6,89.8,15.7,-2,13.86,10.30,3.35,2.5,6.1,100.0,150.2,100.0,100.0,100.0,1.0,0.0,0.22,43.75,13.93,88.0,88.0,0.00,0.0,7.36,12.94,100.0,0.0,0.0,0.0,0.0,100.4,
0.650,0,386,91.6,89.8,15.7,2,13.87,9.40,3.35,2.5,6.1,100.0,150.2,100.0,100.0,100.0,1.0,0.0,0.18,40.88,13.93,88.0,88.0,0.00,0.0,7.36,12.94,100.0,0.0,0.0,0.0,0.0,100.4,
0.660,0,386,91.6,89.8,15.7,-2,13.86,9.00,3.35,2.5,6.1,100.0,150.2,100.0,100.0,100.0,1.0,0.0,0.18,41.67,13.93,88.0,88.0,0.00,0.0,7.36,12.94,100.0,0.0,0.0,0.0,0.0,100.4,
0.670,0,386,91.6,89.8,15.8,5,13.87,9.10,3.35,2.5,6.1,100.0,150.2,100.0,100.0,100.0,1.0,0.0,0.21,41.22,13.93,88.0,88.0,0.00,0.0,7.36,12.94,100.0,0.0,0.0,0.0,0.0,100.4,
0.680,0,386,91.6,89.8,15.7,-3,13.88,9.40,3.35,2.5,6.1,100.0,150.2,100.0,100.0,100.0,1.0,0.0,0.31,40.65,13.92,88.0,88.0,0.00,0.0,7.36,12.94,100.0,0.0,0.0,0.0,0.0,100.4,
0.690,0,386,91.6,89.8,15.7,0,13.88,9.70,3.35,2.5,6.1,100.0,150.2,100.0,100.0,100.0,1.0,0.0,0.44,40.84,13.91,88.0,88.0,0.00,0.0,7.36,12.94,100.0,0.0,0.0,0.0,0.0,100.4,
0.700,484,0,91.6,89.8,15.7,0,13.88,10.00,3.66,3.0,5.5,100.0,136.7,100.0,100.0,100.0,1.0,0.0,0.49,40.63,13.93,88.0,88.0,0.00,0.0,7.36,12.94,100.0,0.0,0.0,6.0,4.5,100.4,
0.710,484,0,91.6,89.8,15.7,0,13.86,10.20,3.66,3.0,5.5,100.0,136.7,100.0,100.0,100.0,1.0,0.0,0.46,40.32,13.93,88.0,88.0,0.00,0.0,7.36,12.94,100.0,0.0,0.0,6.0,4.5,100.4,
0.720,484,0,91.6,89.8,15.7,-2,13.85,10.40,3.66,3.0,5.5,100.0,136.7,100.0,100.0,100.0,1.0,0.0,0.44,40.00,13.93,88.0,88.0,0.00,0.0,7.36,12.94,100.0,0.0,0.0,6.0,4.5,100.4,
0.730,484,0,91.6,89.8,15.7,2,13.91,10.50,3.66,3.0,5.5,100.0,136.7,100.0,100.0,100.0,1.0,0.0,0.38,38.52,13.97,88.0,88.0,0.00,0.0,7.36,12.94,100.0,0.0,0.0,6.0,4.5,100.4,
0.740,484,0,91.6,89.8,15.8,3,13.78,10.70,3.66,3.0,5.5,100.0,136.7,100.0,100.0,100.0,1.0,0.0,0.35,37.57,13.80,88.0,88.0,0.00,0.0,7.36,12.94,100.0,0.0,0.0,6.0,4.5,100.4,
0.750,484,0,91.6,89.8,15.7,-5,13.43,10.80,3.66,3.0,5.5,100.0,136.7,100.0,100.0,100.0,1.0,0.0,0.34,41.90,13.86,88.0,88.0,0.00,0.0,7.36,12.94,100.0,0.0,0.0,6.0,4.5,100.4,
0.760,484,0,91.6,89.8,15.7,2,13.06,11.00,3.66,3.0,5.5,100.0,136.7,100.0,100.0,100.0,1.0,0.0,0.34,42.42,13.86,88.0,88.0,0.00,0.0,7.36,12.94,100.0,0.0,0.0,6.0,4.5,100.4,
0.770,484,0,91.6,89.8,15.7,-5,12.87,11.10,3.66,3.0,5.5,100.0,136.7,100.0,100.0,100.0,1.0,0.0,0.38,43.52,13.88,88.0,88.0,0.00,0.0,7.36,12.94,100.0,0.0,0.0,6.0,4.5,100.4,
0.780,674,0,91.6,89.8,15.7,5,12.89,11.10,3.66,3.0,5.5,100.0,136.7,100.0,100.0,100.0,1.0,0.0,0.38,43.92,13.88,88.0,88.0,0.00,0.0,7.36,12.94,100.0,0.0,0.0,8.5,6.5,100.4,
0.790,674,2136,91.6,89.8,15.7,-5,13.13,11.20,3.14,3.5,5.4,100.0,136.7,100.0,100.0,100.0,1.0,0.0,0.38,44.38,13.93,88.0,88.0,0.00,0.0,7.36,12.94,100.0,0.0,0.0,8.5,6.5,100.4,
0.800,674,2136,91.6,89.8,15.7,5,13.52,11.30,3.14,3.5,5.4,100.0,136.7,100.0,100.0,100.0,1.0,0.0,0.37,44.84,13.99,88.0,88.0,0.00,0.0,7.36,12.94,100.0,0.0,0.0,8.5,6.5,100.4,
0.810,674,2136,91.6,89.8,15.7,-2,13.71,11.40,3.14,3.5,5.4,100.0,136.7,100.0,100.0,100.0,1.0,0.0,0.38,45.09,13.91,88.0,88.0,0.00,0.0,7.36,12.94,100.0,0.0,0.0,8.5,6.5,100.4,
0.820,674,2136,91.6,89.8,15.7,2,13.77,11.50,3.14,3.5,5.4,100.0,136.7,100.0,100.0,100.0,1.0,0.0,0.34,45.02,13.88,88.0,88.0,0.00,0.0,7.36,12.94,100.0,0.0,0.0,8.5,6.5,100.4,
0.830,0,2136,91.6,89.8,15.7,0,13.82,11.30,3.14,3.5,5.4,100.0,150.2,100.0,100.0,100.0,1.0,0.0,0.32,44.88,13.92,88.0,88.0,0.00,0.0,7.36,12.94,100.0,0.0,0.0,0.0,0.0,100.4,
0.840,0,2136,91.6,89.8,15.7,0,13.85,10.80,3.14,3.5,5.4,100.0,150.2,100.0,100.0,100.0,1.0,0.0,0.26,44.65,13.93,88.0,88.0,0.00,0.0,7.36,12.94,100.0,0.0,0.0,0.0,0.0,100.4,
0.850,0,2136,91.6,89.8,15.7,0,13.85,9.80,3.14,3.5,5.4,100.0,150.2,100.0,100.0,100.0,1.0,0.0,0.20,43.15,13.92,88.0,88.0,0.00,0.0,7.36,12.94,100.0,0.0,0.0,0.0,0.0,100.4,
0.860,0,2136,91.6,89.8,15.8,3,13.85,8.80,3.14,3.5,5.4,100.0,150.2,100.0,100.0,100.0,1.0,0.0,0.14,42.40,13.92,88.0,88.0,0.00,0.0,7.36,12.94,100.0,0.0,0.0,0.0,0.0,100.4,
0.870,0,2136,91.6,89.8,15.7,-3,13.87,7.80,3.14,3.5,5.4,100.0,150.2,100.0,100.0,100.0,1.0,0.0,0.10,42.02,13.93,88.0,88.0,0.00,0.0,7.36,12.94,100.0,0.0,0.0,0.0,0.0,100.4,
ˇPerformance Electronics File (V5.5) v3.04.39      ™ Ñ–h¥ Lò‰0|»`¨¯Dê‹(	t	¿	
X
§

  ¬ÑF å
N“îV⁄ú^ ‚§f!(#Í$¨&n(0*                          ™? ? ? ? ? ? ? ? ? ? ? ? ? ? ? ? ? = 6 4 3 0 + ) ( ' 4 4 4 4 4 4 4 4 4 4 4 4 4 4 4 4 4 4 4 4 3 0 + ) ' ' 0 0 0 0 0 0 0 0 0 0 0 0 0 0 0 0 0 0 2 4 3 0 + ) ' & 0 0 0 0 0 0 0 0 0 0 0 0 0 0 0 0 0 0 2 4 - ) % " ' & 0 0 0 0 0 0 0 0 0 0 0 0 0 0 0 0 0 0 2 4 - ) $ ! ' % 0 0 0 0 0 0 0 0 0 0 0 0 0 0 0 0 0 0 0 / ( & $ $ ( ' 0 0 0 0 0 0 0 0 0 0 0 0 0 0 0 0 0 0 / . % $ # % * ( 5 5 5 5 5 5 5 5 5 5 5 5 : ; 7 5 4 3 4 - (   $ & * ( 5 5 5 5 5 5 5 5 5 5 9 = @ D < 6 5 . , *     $ * * 3 3 3 3 3 3 3 3 3 : ; < = > 5 3 0 * '  ! + - . , , > > > > > > @ C > ? = ; 9 7 7 7 7 . ( & ) . 0 / . , > = = ? A C N K I D ? : < 9 9 8 7 5 . , * 3 3 0 / . B A D F H J N L J L ? > ? = = < 8 7 4 4 5 4 4 2 0 0 E E L M O P M M L M B B B A @ @ 6 4 6 7 7 7 5 4 3 2 I W S T V W M M M M F F F E D D @ : 8 : ; 8 9 6 3 2 P _ _ b ` _ ] [ Y W O R K H H F B ; : < = ; 8 4 0 . U e f c b b ` _ ] [ O N I E C B < ; ; < = : 7 3 0 . S c c c c d c b ` _ K I H E A > ; : 9 : 9 7 5 3 / - W g g g g g f e d c S O K G B > ; : 9 9 8 6 4 2 / . W g g g g g g f f e V Q M H C > ; : : 8 7 5 3 1 / . Y i i i i i h g g f R L I F A > ; : 9 7 6 4 2 0 / . Y i i i i j i h g f R L I F A > ; : : 8 7 3 2 / / - Y i i i i l k j h g ] S I F A > : 8 8 7 6 4 1 / . . ] m m m m m l j i g ` Z S 0 0 0 0 0 0 0 0 0 0 / . . ] m m m m m g g g g d ` ] 0 0 0 0 0 0 0 / / / . . . 8 8 8 8 8 8 8 8 8 8 8 8 8 8 8 8 8 8 8 : > < : : : : 8 8 8 8 8 8 8 8 8 8 8 8 8 8 8 8 8 8 8 : > < : : : : 8 8 8 8 8 8 8 8 8 8 8 8 8 8 8 8 8 8 8 : > < : : : : P P P P P P P P P P P P P P P P P P P P N H E C @ ? P P P P P P P P P P P P P P P P P P P Q P O N L I D P P P P P P P P P P P P P P P P P P P R R P O M L K Q Q Q Q Q Q Q Q Q Q Q Q Q Q Q Q Q Q Q S T S R P P N X X X X X X X X X X X X X X X X X X X V U T T R R P _ _ _ _ _ _ _ _ _ _ _ _ _ _ _ _ _ _ ^ Z X W V U U T _ _ _ _ _ _ _ _ _ _ _ _ _ _ _ _ _ _ _ \ X X X W W V _ _ _ _ _ _ _ _ _ _ _ _ _ _ _ _ _ _ ^ [ [ [ Z Z Z Z _ _ _ _ _ _ _ _ _ _ _ _ _ _ _ _ _ _ _ _ ^ ^ ^ ^ ^ ] ^ ^ ^ ^ ^ ^ ^ ^ ^ ^ ^ ^ ^ ^ ^ ^ ^ ^ ^ ] ] ] ] ` ` ` ^ ^ ^ ^ ^ ^ ^ ^ ^ ^ ^ ^ ^ ^ ^ ^ ^ ^ ^ ] ] ] ] ` ` ` ` ` ` ` ` ` ` ` ` ` ` ` ` ` ` ` ` ` ` ` ` ` ` a a a b b b b b b b b b b b b b b b b b b b b b b b a a a b b b b b b b b b b b b b b b b b b b b b b b a a a d d d d d d d d d d d d d d d d d d d d d d d b b b d d d d d d d d d d d d d d d d d d d d d d d b b b f f f f f f f f f f f f f f f f f f f f f f f b b b f f f f f f f f f f f f f f f f f f f f f f f c c c h h h h h h h h h h h h h h h h h h h h h h h c c c h h h h h h h h h h h h h h h h h h h h h h h c c c d d d d d d d d d d d d d d d d d d d d d d d d d d d d d d d d d d d d d d d d d d d d d d d d d d d d X X X X X X X X X X X X X X X X X X X X X X X X X X X X X X X X X X X X X X X X X X X X X X X X X X X X X X X X X X X X X X X X X X X X X X X X X X X X X X V W X Y Z [ [ \ ] ^ _ _ _ _ _ _ _ _ _ _ _ _ X X X X V W X Y Z [ [ \ ] ^ _ _ _ _ _ _ _ _ _ _ _ _ X X X X V W X Y Z [ [ \ ] ^ _ _ _ _ _ _ _ _ _ _ _ _ c c c c V W X Y Z [ [ \ ] ^ _ _ _ _ _ _ _ _ _ _ _ _ c c c c V W X Y Z [ [ \ ] ^ _ _ _ _ _ _ _ _ _ _ _ _ c c c c V W X Y Z [ [ \ ] ^ _ _ _ _ _ _ _ _ _ _ _ _ a a a a V W X Y Z [ [ \ ] ^ _ _ _ _ _ _ _ _ _ _ _ _ a a a a V W X Y Z [ [ \ ] ^ _ _ _ _ _ _ _ _ _ _ _ _ a a a a V W X Y Z [ [ \ ] ^ _ _ _ _ _ _ _ _ _ _ _ _ a a a a V W X Y Z [ [ \ ] ^ _ _ _ _ _ _ _ _ _ _ _ _ a a a a V W X Y Z [ [ \ ] ^ _ _ _ _ _ _ _ _ _ _ _ _ a a a a V W X Y Z [ [ \ ] ^ _ _ _ _ _ _ _ _ _ _ _ _ a a a a V W X Y Z [ [ \ ] ^ _ _ _ _ _ _ _ _ _ _ _ _ a a a a V W X Y Z [ [ \ ] ^ _ _ _ _ _ _ _ _ _ _ _ _ a a a a V W X Y Z [ [ \ ] ^ _ _ _ _ _ _ _ _ _ _ _ _ a a a a V W X Y Z [ [ \ ] ^ _ _ _ _ _ _ _ _ _ _ _ _ a a a a V W X Y Z [ [ \ ] ^ _ _ _ _ _ _ _ _ _ _ _ _ a a a a V W X Y Z [ [ \ ] ^ _ _ _ _ _ _ _ _ _ _ _ _ a a a a V W X Y Z [ [ \ ] ^ _ _ _ _ _ _ _ _ _ _ _ _ a a a a V W W X X Y Z Z [ [ \ \ \ \ \ \ \ \ \ \ \ \ a a a a V W W X X Y Z Z [ [ \ \ \ \ \ \ \ \ \ \ \ \ a a a a V W W X X Y Z Z [ [ \ \ \ \ \ \ \ \ \ \ \ \ a a a a                                                                                                                                                                                                                                                                                                                                                                                                                                                                                                                                                                                                                                                                                   ∆\  å ( 
   H& '                ê  
 ˙           ËËd           ñ ç Ñ z q h _ U L C : 0 '                          œœœ œ                  à†`	(
    ºÍ  à       
                                                                                                                                                                                                                                                                                                                                                                                                                                                                                                                             s e t   u p   c l o s e d   l o o p                                                                                             ”;ª|ƒ√TÚqΩ Àºgˇ     2 
   d ËR˙ »  d   d                                                                                                                                                                                                                                                                                                                                                                                                                                                                                                                                                                                                                                                                                                                                                     ( ( ( ( ( ( ( ( ( ( ( ( ( ( ( ( ( ( ( ( ( ( ( ( ( ( ( ( ( ( ( ( ( ( ( ( ( ( ( ( ( ( ( ( ( ( ( ( ( ( ( ( ( ( ( ( ( ( ( ( ( ( ( ( ( ( ( ( ( ( ( ( ( ( ( ( ( ( ( ( ( ( ( ( ( ( ( ( ( ( ( ( ( ( ( ( ( ( ( ( ( ( ( ( ( ( ( ( ( ( ( ( ( ( ( ( ( ( ( ( ( ( ( ( ( ( ( ( ( ( ( ( ( ( ( ( ( ( ( ( ( ( ( ( ( ( ( ( ( ( ( ( ( ( ( ( ( ( ( ( ( ( ( ( ( ( ( ( ( ( ( ( ( ( ( ( ( ( ( ( ( ( ( ( ( ( ( ( ( ( ( ( ( ( ( ( ( ( ( ( ( ( ( ( ( ( ( ( ( ( ( ( ( ( ( ( ( ( ( ( ( ( ( ( ( ( ( ( ( ( ( ( ( ( ( ( ( ( ( ( ( ( ( ( ( ( ( ( ( ( ( ( ( ( ( ( ( ( ( ( ( ( ( ( ( ( ( ( ( ( ( ( ( ( ( ( ( ( ( ( ( ( ( ( ( ( ( ( ( ( ( ( ( ( ( ( ( ( ( ( ( ( ( ( ( ( ( ( ( ( ( ( ( ( ( ( ( ( ( ( ( ( ( ( ( ( ( ( ( ( ( ( ( ( ( ( ( ( ( ( ( ( ( ( ( ( ( ( ( ( ( ( ( ( ( ( ( ( ( ( ( ( ( ( ( ( ( ( ( ( ( ( ( ( ( ( ( ( ( ( ( ( ( ( ( ( ( ( ( ( ( ( ( ( ( ( ( ( ( ( ( ( ( ( ( ( ( ( ( ( ( ( ( ( ( ( ( ( ( ( ( ( ( ( ( ( ( ( ( ( ( ( ( ( ( ( ( ( ( ( ( ( ( ( ( ( ( ( ( ( ( ( ( ( ( ( ( ( ( ( ( ( ( ( ( ( ( ( ( ( ( ( ( ( ( ( ( ( ( ( ( ( ( ( ( ( ( ( ( ( ( ( ( ( ( ( ( ( ( ( ( ( ( ( ( ( ( ( ( ( ( ( ( ( ( ( ( ( ( ( ( ( ( ( ( ( ( ( ( ( ( ( ( ( ( ( ( ( ( ( ( ( ( ( ( ( ( ( ( ( ( ( ( ( ( ( ( ( ( ( ( ( ( ( ( ( ( ( ( ( ( ( ( ( ( ( ( ( ( ( ( ( ( ( ( ( ( ( ( ( ( ( ( ( ( ( ( ( ( ( ( ( ( ( ( ( ( ( ( ( ( ( ( ( ( ( ( ( ( ( ( ( ( ( ( ( ( ( ( ( ( ( ( ( ( ( ( ( ( ( ( ( ( ( ( ( ( ( ( ( d d d d d d d d d d d d d d d d d d d d d d d d d d d d d d d d d d d d d d d d d d d d d d d d d d d d d d d d d d d d d d d d d d d d d d d d d d d d d d d d d d d d d d d d d d d d d d d d d d d d d d d d d d d d d d d d d d d d d d d d d d d d d d d d d d d d d d d d d d d d d d d d d d d d d d d d d d d d d d d d d d d d d d d d d d d d d d d d d d d d d d d d d d d d d d d d d d d d d d d d d d d d d d d d d d d d d d d d d d d d d d d d d d d d d d d d d d d d d d d d d d d d d d d d d d d d d d d d d d d d d d d d d d d d d d d d d d d d d d d d d d d d d d d d d d d d d d d d d d d d d d d d d d d d d d d d d d d d d d d d d d d d d d d d d d d d d d d d d d d d d d d d d d d d d d d d d d d d d d d d d d d d d d d d d d d d d d d d d d d d d d d d d d d d d d d d d d d d d d d d d d d d d d d d d d d d d d d d d d d d d d d d d d d d d d d d d d d d d d d d d d d d d d d d d d d d d d d d d d d d d d d d d d d d d d d d d d d d d d d d d d d d d d d d d d d d d d d d d d d d d d d d d d d d d d d d d d d d d d d d d d d d d d d d d d d d d d d d d d d d d d d d d d d d d d d d d d d d d d d d d d d d d d d d d d d d d d d d d d d d d d d d d d d d d d d d d d d d d d d d d d d d d d d d d d d d d d d d d d d d d d d d d d d d d d d d d d d d d d d d d d d d d d d d d d                                                                                                                                                                                                                                                                                                                                                                                                                                                                                                                                                                                                                                                                                 
 d Ù   ˙ ˙   2 ( Ë     d  ˙ Ù      Oil P    Ä ?   Fuel P    Ä ?   Comp P    Ä ?       O2    Ä ?    Oil T    Ä ?    EMPTY    Ä ?    Res T    Ä ?    EMPTY    Ä ?  Freq #1  Ä? Freq #2  Ä?  Comp S   B Freq #4  Ä?äàp˛ƒ	p˛ƒ	» 0Ë§ » ¿ ( » ¿ ( » ¿ ( » ¿ ( » ¿ ( » ¿ ( » ¿ ( » ¿ (                    » 
      ≥#eGj»éy±+’$‹¯*»®àhH(  »Øñ}dK2 »Øñ}dK2 »Øñ}dK2 »Øñ}dK2 »Øñ}dK2 »Øñ}dK2 »Øñ}dK2     #+G?jSég±|’$ê¯*æx      »ÇugZM?2»ÇugZM?2»ÇugZM?2»ÇugZM?2»ÇugZM?2»ÇugZM?2»ÇugZM?2   O#ùGÍj8éÖ±”’$ê¯*»»ñÇ(   »»xP<(((»»xP((((»»xP((((»»xP((((»»xP((((»»xP((((»»xP(((( ∏  o
∏'	†ﬁàñpMX@º%        <<<<<<<<<<<<<<<<<<<<<<<<<<<<<<<<<<<<<<<<<<<<<<<<<<<<<<<<  Ë–Ñ∏ †ºàXpÙXê@,(#                                                                  Ë–Ñ∏ †ºàXpÙXê@,(#                                                                 @  «ËM)‘æZR·Ág{!Ó'        »»»†xP( »»»†xP( »»»†xP( »»»†xP( »»»†xP( »»»†xP( »»»†xP(   Ë–Ñ∏ †ºàXpÙXê@,(#                                                                
 Æ	    Xê» p˛  ê ∞@–`	`L2Í¢¢¢¢`L2Í¢¢¢¢`L2Í¢¢¢¢`L2Í¢¢¢¢ Xê» ê≠ı>@:–`	∞~LËË¸~∞~LËË¸~∞~LËË¸~∞~LËË¸~ Xê» p˛  ê ∞@–`	                                                                 Xê» @ñÎAóÌBò          ÿˇ∫ˇúˇ          ÿˇ∫ˇúˇ          ÿˇ∫ˇúˇ          ÿˇ∫ˇúˇ   P n å ™ Ê r¬ÙXÑËƒFæ@§û4 `	ˆ	@                                b%rT∫"»
…1Vp&‘!Ç
‹
(
ò            ÿÿË8ˇË      ::  
 ˙                        à                 » ä    «   w  Œ?  &{  ~∏  ’Ù  ,0  Ñm  ‹©  3Â  ä!  ‚^  :õ  ë◊  Ë  @O          Œˇ    Ë(#P Ñ  
Ë=r.–-ãÈÚFË§Ëﬁ`—æƒ	∑y	´◊	û4
ëí
Ñ
   Ë  Ë Ë Ë Ë Ë Ë Ë Ë Ë	 Ë
 Ë Ë Ë Ë Ë Ë    Ë  Ë Ë Ë Ë Ë Ë Ë Ë Ë	 Ë
 Ë Ë Ë Ë Ë Ë    Ë  Ë Ë Ë Ë Ë Ë Ë Ë Ë	 Ë
 Ë Ë Ë Ë Ë Ë    Ë  Ë Ë Ë Ë Ë Ë Ë Ë Ë	 Ë
 Ë Ë Ë Ë Ë Ë    Ë  Ë Ë Ë Ë Ë Ë Ë Ë Ë	 Ë
 Ë Ë Ë Ë Ë Ë    Ë  Ë Ë Ë Ë Ë Ë Ë Ë Ë	 Ë
 Ë Ë Ë Ë Ë Ë    Ë  Ë Ë Ë Ë Ë Ë Ë Ë Ë	 Ë
 Ë Ë Ë Ë Ë Ë       Ë–∏ËËËËËËËËËËËËËËËËËËËËËËËËËËËËËËËË2 2 2 2 2 2 2       d d  d d d d d d d d d d d d d d d d d d d d d d d d d d d d d d d d d d d d d d d d d d d d d d d d d d d d d d d d d d d d d d d d ËÑ ºXÙê,  Ë–∏†àpX                                                                                         DI1      D2     DI3     DI4     DI5     DI6     DI7 Rad Fan    FuelWater PuOIl Pump     DO5 Boost_C  IC Fan  Bypass     DO9    DO10ææ 2                   (2                                                                                                                                                                                                                                         DE #1         Ä?DE #2         Ä?DE #3         Ä?DE #4         Ä?DE #5         Ä?DE #6         Ä?DE #7         Ä?DE #8         Ä?DE #9         Ä?DE #10        Ä?DE #11        Ä?DE #12        Ä?        ∞ ˙        »   2 d   ä¬˙ 2 ˙ ÙÓË‚‹÷–dddddddddddddddddddddddddddddddd        2>JVbnzÜx P (     ÿˇ∞ˇàˇQˇÉˇµˇÁˇ K } Ø 2 2 2 2 2 2 2 ê    êëíìïñóòêê00——qq±±RRÚÚ‹ïMæw/Ë˙ › ¡ § à k O 2 ˙ › ¡ § à k O 2 ,d ˙ 
   Ë d Ù  Ë  Ë  Ë™ d Ad ËÙË» ËC6d é» ËËËêËq¬d €,Ë‹ËXËüNd )êË–Ë ËÕ⁄d vÙËƒ	ËËË˙fd √!XË∏Ë∞Ë(Úd 'ºË¨ËxË     Ë–∏                                                                '√!v)€éAÙ  ®P  à      à    Áƒ´™|»	
µé¸,à  ä ‘ @‘∂öJã‹	D>$⁄Ç(«:ˇ      »   d » ,êÙXºàî†îà|pd  B  Ë                                                                      ∏ Ë         ˙ Ë 
 ÿˇ      :  p
  @Ë22222x≤<<<<<∞|lllllËFxxxxx '†††††R®æÙæËË                Ùî   2Ùî∏3)Ùî  à  à  à  à  Õ ‡à  à  à   2ÙîËÓÙ˙ » êX Ë∞x@ËËËËËËËËËËËËËËËËËËËËËËËËËËËËËËËËËÓÙ˙ » êX Ë∞x@ËËËËËË∏@ËËËËËË∏@à ò ®0∏@à ò ®\∏@       »           »           »           »           »           »           »           »     x                                  ËËËËËËË                          @ Ä ¿   @ Ä ¿   @ Ä ¿   @ Ä ¿   @ Ä ¿   @ Ä ¿   @ Ä ¿   @ Ä ¿   –Ë¸Ëö¸Ë&˝Ë≤˝Ë>˛Ë ˛ËVˇË‚ˇ            d ËËËd ËËËd ËËËd ËËËd ËËËd ËËËd ËËËd ËËËd
òNd
òN
      ˙ ÙË  
 s e t   u p   c l o s e d   l o o p                                                                                                 » 
  d     Ë Ë( Ë2 Ë< ËF ËP ËZ Ë ñ
†™(æ2»<“F‹      
d  Ë˙                         †     
 Ë – ∏( †2 à< pF XP @Z (#d 'n ¯*x ‡.Ç »2å ∞6ñ ò:† Ä>  
†                                                                                                                                                                         U™                                                                                                     

,Performance Electronics File (V5.5) v3.04.39
Serial Number:         0004A3D43944
Date: 05-28-2018